District,Crop,Season,Area (hectares),Yield (quintals),Production (metric tons)
Jodhpur,Wheat,Kharif,16490.142459033697,30.69198608958731,5061.152229679753
Kota,Gram,Rabi,16943.06561430208,45.81823176835924,7763.013071826106
Jaipur,Wheat,Rabi,14297.539875829993,29.752628902482016,4253.893981440086
Hanumangarh,Coriander,Rabi,19737.638446522174,42.026510778509355,8295.040749150847
Hanumangarh,Citrus,Rabi,13591.576842195143,38.19593346538869,5191.429647542034
Sri Ganganagar,Wheat,Rabi,13609.746921562613,40.476299769816144,5508.721961885008
Udaipur,Cotton,Rabi,15725.886814698102,24.569754522436728,3863.811786847568
Udaipur,Gram,Rabi,9825.246502460901,32.558392734914605,3198.9423434446817
Udaipur,Guava,Kharif,11961.506638996729,46.59791993069445,5573.813286144397
Bhilwara,Garlic,Rabi,12275.927773436368,42.36129735790658,5200.24226754722
Alwar,Mustard,Kharif,19396.94630676466,44.702526063355236,8670.924978276493
Nagaur,Guava,Rabi,15202.584614063771,36.5428318255787,5555.454928658627
Jaipur,Fenugreek,Rabi,13366.851826424452,44.81839184994944,5990.808029569034
Jodhpur,Maize,Rabi,11547.019267733092,35.79943234551442,4133.767350675623
Bhilwara,Fennel,Kharif,13198.083930243585,28.218505095622184,3724.301986380279
Udaipur,Bajra,Kharif,13194.88016331181,50.42611943789738,6653.666030839041
Jodhpur,Coriander,Rabi,14959.508325786199,34.296805639539244,5130.633495125584
Ajmer,Oilseeds,Kharif,17467.634736309567,30.276137502721706,5288.525111238265
Hanumangarh,Maize,Kharif,15626.590785014267,37.04284337791913,5788.533549801177
Jaipur,Maize,Rabi,11015.441853304708,46.01450388713084,5068.700919773532
Alwar,Cotton,Rabi,17215.39973998623,30.793381210797985,5301.2036688966855
Nagaur,Opium,Kharif,14653.055152835279,29.40284776689259,4308.415499786967
Bhilwara,Pomegranate,Kharif,10564.434028897718,26.515066022755146,2801.166657692642
Kota,Maize,Kharif,13618.083687120637,48.29236311582901,6576.494423601774
Alwar,Cumin,Kharif,16030.854868705384,28.046775038519435,4496.1378017773395
Kota,Chilli,Kharif,15972.251908184386,26.222510593926078,4188.32544871221
Jaipur,Gram,Rabi,12969.233999082124,43.174826430271516,5599.444268439468
Alwar,Coriander,Rabi,18092.99856748785,37.843198459273616,6846.969355127961
Nagaur,Tomato,Kharif,12482.347430332084,47.75325487001329,5960.727182167035
Jaipur,Fenugreek,Rabi,15993.790294210692,46.144220115001914,7380.209798092394
Hanumangarh,Cotton,Kharif,13562.47728646413,27.27288024225128,3698.8781882198937
Alwar,Oilseeds,Kharif,11680.995077981916,22.08091117079624,2579.270147034268
Sri Ganganagar,Chilli,Rabi,17437.577467182593,42.80398745871082,7463.978472155822
Jodhpur,Fennel,Kharif,14783.969635258998,50.66217314913776,7489.880294930864
Hanumangarh,Coriander,Rabi,16084.908075142903,26.96168324867614,4336.761966060761
Kota,Garlic,Rabi,16084.186816525242,46.12170270813714,7418.30082653916
Bhilwara,Wheat,Rabi,14892.521882670146,55.77334518506045,8306.057636382284
Sri Ganganagar,Maize,Rabi,7140.764687730767,33.57147848478196,2397.2602807904423
Nagaur,Mustard,Rabi,15261.141204714513,42.00305711815018,6410.145857097789
Jodhpur,Garlic,Rabi,15275.282329606507,22.602897116642307,3452.656349237601
Bhilwara,Garlic,Rabi,14340.984336487465,32.75583478817339,4697.509136257658
Nagaur,Citrus,Rabi,19433.68213422455,45.723591282431364,8885.777390179717
Ajmer,Opium,Kharif,12574.519191320436,33.21992189882513,4177.245454509426
Udaipur,Tomato,Kharif,17746.206353106223,28.946433330018777,5136.89379060945
Ajmer,Mustard,Kharif,13410.719388698884,26.836015584563018,3598.902745153247
Hanumangarh,Maize,Rabi,15291.23264804412,27.618796876361163,4223.254484955128
Jaipur,Maize,Rabi,12893.840718367943,46.07466529607336,5940.793954796851
Udaipur,Mustard,Rabi,13823.675540603526,27.28425513246576,3771.6869031825313
Bhilwara,Bajra,Rabi,15888.360831193728,44.208539829894185,7024.012326375586
Nagaur,Cumin,Kharif,15015.340369927382,30.345953160176048,4556.548155499168
Bhilwara,Citrus,Rabi,10753.887773848757,26.20733734260759,2818.3076463379775
Alwar,Guava,Kharif,13971.856450419691,32.44731869968946,4533.4927907307965
Jaipur,Fenugreek,Rabi,14516.142865001973,27.586670501198277,4004.5205016512978
Udaipur,Gram,Rabi,20000.0,30.30981477500791,6061.9629550015825
Hanumangarh,Tomato,Rabi,15772.651172168293,35.28240779388867,5564.9711064719795
Sri Ganganagar,Tomato,Rabi,9243.686354102876,46.73789913397067,4320.3048044412135
Jodhpur,Tomato,Rabi,15180.690629823079,32.734341778550174,4969.299155110628
Hanumangarh,Wheat,Rabi,14422.917105656632,49.61140168541649,7155.4113400419565
Ajmer,Oilseeds,Kharif,14895.86469088427,32.80043774852141,4885.908825037476
Ajmer,Pomegranate,Rabi,18428.46844354506,31.305250841725783,5769.07827254006
Jaipur,Pomegranate,Kharif,17373.09584112914,43.78307342015787,7606.475307475964
Bhilwara,Sugarcane,Kharif,19208.382932808297,36.468866083888464,7005.079448646346
Hanumangarh,Fenugreek,Kharif,16760.57128140081,35.193748638324294,5898.673327123371
Sri Ganganagar,Bajra,Rabi,12028.391024607936,37.24379173709968,4479.82890252897
Hanumangarh,Barley,Kharif,15298.954095262923,25.098489379472014,3839.8063687698636
Nagaur,Onion,Rabi,10348.009706801602,26.603146513211968,2752.8961835018267
Hanumangarh,Mustard,Rabi,11813.088858821686,27.97814235544664,3305.082817496538
Jodhpur,Fenugreek,Rabi,12241.72729729859,40.5337888427336,4962.035893390289
Nagaur,Maize,Rabi,12650.240122991288,39.18068659697009,4956.450936353381
Alwar,Fenugreek,Kharif,17440.55165210901,42.414254204837576,7397.279912451515
Ajmer,Fenugreek,Kharif,15682.379803812388,35.014997234879225,5491.184854668166
Alwar,Pulses,Kharif,10177.550296316316,37.103246803215725,3776.2016049636563
Jodhpur,Wheat,Kharif,15779.64838274527,43.697629849172266,6895.332341792926
Nagaur,Gram,Rabi,11289.147867365755,33.364911309035946,3766.614173492507
Hanumangarh,Cotton,Rabi,16565.824696850694,49.76685546146387,8244.29003288117
Jodhpur,Maize,Kharif,15751.47855103763,33.23763873269942,5235.419535852525
Bhilwara,Garlic,Kharif,12959.925835264528,41.22773944245385,5343.084455298122
Hanumangarh,Wheat,Kharif,15879.217419896044,44.84401932077153,7120.8793277655
Jodhpur,Pulses,Kharif,20000.0,29.207033822911143,5841.406764582229
Jodhpur,Garlic,Rabi,11426.089508392055,33.89711733345565,3873.1149672853203
Nagaur,Bajra,Kharif,12075.954989318036,32.458265092283156,3919.6454828576425
Sri Ganganagar,Chilli,Kharif,18475.786737022212,28.711098577527814,5304.601343040256
Jaipur,Mustard,Kharif,17890.128387732966,47.621502234356925,8519.547889893576
Jaipur,Wheat,Kharif,17466.18047998347,52.676596859658524,9200.589478221264
Sri Ganganagar,Oilseeds,Kharif,14263.835651991389,35.86811640583873,5116.169175593796
Alwar,Garlic,Rabi,12331.45671112343,25.529151646310343,3148.116283981815
Kota,Garlic,Rabi,14768.694871757687,47.42956478220766,7004.727701686893
Nagaur,Garlic,Rabi,15830.072397990058,38.70140686849243,6126.460726323047
Jaipur,Sugarcane,Kharif,15039.005675633722,54.37512298301047,8177.477831547761
Jaipur,Guava,Rabi,14206.029500286131,53.49043206198926,7598.866558556706
Jodhpur,Guava,Kharif,16877.00204329502,45.1162022682128,7614.2623786633885
Kota,Maize,Rabi,11787.322505816663,51.788813067589956,6104.514418211351
Kota,Citrus,Rabi,14329.611644022447,31.589176826438617,4526.606360772189
Udaipur,Citrus,Rabi,16419.712873720633,31.439492533918592,5162.274403024268
Jodhpur,Pomegranate,Rabi,12459.618845794785,39.42611921192225,4912.344179494183
Ajmer,Bajra,Kharif,13660.455143798936,36.63107522975797,5003.971600452331
Ajmer,Maize,Rabi,15642.281232390611,36.33091029446909,5682.983162548407
Alwar,Mango,Kharif,15519.542777553546,48.40474252703931,7512.19472284852
Sri Ganganagar,Guava,Kharif,12348.4276913966,42.633413210712504,5264.556202699159
Hanumangarh,Mango,Rabi,15174.626155337999,24.6965375605443,3747.607248125228
Sri Ganganagar,Oilseeds,Kharif,16073.36208104485,27.412026360496967,4406.034250674138
Nagaur,Citrus,Kharif,18249.15372952583,47.76748734619414,8717.162198538768
Udaipur,Citrus,Rabi,10866.991896128726,31.382208427201263,3410.3020466101875
Nagaur,Bajra,Kharif,16545.105801625978,27.451141163690174,4541.82034928624
Alwar,Wheat,Rabi,16545.143058918144,47.24548435592912,7816.832975567265
Jodhpur,Fenugreek,Kharif,16712.6715320795,45.186884029181215,7551.935503378748
Jodhpur,Sugarcane,Kharif,17862.005290479607,44.386821239138705,7928.3763580106815
Udaipur,Pomegranate,Kharif,14054.192266078962,41.809690007919286,5876.014219564581
Ajmer,Citrus,Kharif,12681.524356387285,40.93989838466956,5191.803185132075
Kota,Coriander,Kharif,13543.90935651269,35.43968220484045,4799.9184340597485
Jaipur,Sugarcane,Kharif,20000.0,24.605237111669584,4921.047422333917
Nagaur,Coriander,Kharif,17058.78057112354,30.718180492383443,5240.147005637368
Bhilwara,Fenugreek,Rabi,13584.2044026317,41.893334486910035,5690.876187780057
Kota,Fenugreek,Rabi,15192.840057286388,28.635674889931007,4350.572285351738
Nagaur,Mango,Rabi,12854.088872220094,48.55007784618938,6240.670153881223
Ajmer,Fenugreek,Kharif,12808.90010484859,31.278726628198466,4006.4608478746172
Ajmer,Pulses,Rabi,15136.71551971144,24.45105989637092,3701.087378067917
Bhilwara,Coriander,Rabi,20000.0,38.69194419581555,7738.388839163111
Nagaur,Bajra,Kharif,8924.572240027179,38.05601190289823,3396.336273947494
Ajmer,Pulses,Rabi,13014.640605694836,51.34991147351465,6683.00642962039
Jodhpur,Citrus,Rabi,12622.437784701899,29.05987440909497,3668.064567600521
Hanumangarh,Tomato,Rabi,16514.961836941373,42.30597523987252,6986.815665610812
Jodhpur,Tomato,Rabi,11399.110778832672,43.52897484420537,4961.916063381177
Hanumangarh,Garlic,Kharif,13575.16406651713,45.56594550889763,6185.651861292647
Bhilwara,Coriander,Kharif,20000.0,47.61759682900077,9523.519365800154
Hanumangarh,Tomato,Rabi,11217.348136994864,47.59247350182276,5338.61343970649
Bhilwara,Tomato,Kharif,20000.0,48.316041353267046,9663.20827065341
Sri Ganganagar,Chilli,Kharif,10441.89010213796,38.69939337162329,4040.948126058966
Sri Ganganagar,Tomato,Rabi,18800.73344755987,39.80706312218198,7484.019830903338
Ajmer,Cotton,Kharif,16331.458284438686,35.54846914130332,5805.583408568511
Hanumangarh,Mustard,Rabi,12219.208585265751,28.599507438614502,3494.6334682829
Alwar,Opium,Rabi,5276.197979792782,38.29039184314339,2020.2768808826713
Jodhpur,Citrus,Kharif,14242.29554582052,29.12040623363383,4147.414319937672
Bhilwara,Citrus,Rabi,19897.233911794905,25.85600024588421,5144.628849157847
Alwar,Pomegranate,Rabi,13679.86653990905,47.025176352020836,6432.981365113321
Nagaur,Pomegranate,Kharif,19323.81986719835,21.536581803505115,4161.690273261146
Udaipur,Sugarcane,Kharif,18489.49125646488,46.38361487916462,8576.094417515485
Alwar,Garlic,Rabi,12055.474046856147,38.92502696894872,4692.596523973369
Sri Ganganagar,Citrus,Kharif,15597.17908672041,24.18152533879961,3771.63581299325
Udaipur,Fenugreek,Kharif,15209.406254970057,41.443658120043125,6303.334330398245
Bhilwara,Pulses,Rabi,15340.552035753744,50.82981179978978,7797.573728822447
Nagaur,Cumin,Rabi,19758.050448436057,23.74436913260462,4691.4244318829
Alwar,Pulses,Kharif,20000.0,23.776128625339616,4755.225725067923
Sri Ganganagar,Pomegranate,Kharif,14544.64471489325,32.07360858932606,4664.99241656296
Udaipur,Mango,Kharif,15842.975603205097,29.966490939055696,4747.58384861126
Alwar,Cotton,Rabi,14375.633248928174,34.945514294105415,5023.638971872366
Hanumangarh,Barley,Kharif,13231.905729167365,33.2058084410315,4393.761269525187
Jodhpur,Fennel,Rabi,16071.046457895141,40.81701755294393,6559.721853660834
Ajmer,Bajra,Rabi,17698.79962629975,41.77898059077667,7394.378060672228
Ajmer,Pulses,Kharif,17438.58635651688,44.364319712940684,7736.510204622403
Nagaur,Bajra,Kharif,12513.014967233783,40.10660414272631,5018.545379228548
Udaipur,Oilseeds,Rabi,17241.880815369786,47.1575754180117,8130.852948991698
Kota,Sugarcane,Rabi,14937.295218107556,39.93017568456818,5964.488223112949
Sri Ganganagar,Cumin,Kharif,18832.994687365273,32.850809018686384,6186.791117245719
Ajmer,Mustard,Rabi,16641.292143510113,26.99054176697818,4491.574906558955
Sri Ganganagar,Fenugreek,Rabi,14346.956390318339,49.839812631279536,7150.496183226046
Nagaur,Barley,Kharif,17476.24904696409,41.43588869924814,7241.4391039034535
Udaipur,Mustard,Kharif,18916.436421462986,25.369477717624214,4799.0011229116035
Alwar,Onion,Rabi,17045.85891388489,34.72614839257074,5919.370261223915
Udaipur,Fennel,Kharif,15972.499057465326,42.12723018855128,6728.771444802601
Alwar,Oilseeds,Kharif,15290.987894978154,42.802112826351966,6544.865891072371
Hanumangarh,Onion,Kharif,12545.337950299583,43.39880683124725,5444.526983377669
Nagaur,Cotton,Kharif,11981.947855500894,40.67200641787164,4873.298600775357
Jodhpur,Cotton,Kharif,18474.332620500205,33.558386682753685,6199.68797784556
Bhilwara,Cumin,Kharif,16872.359451156466,35.509212534046156,5991.241977019373
Bhilwara,Mango,Rabi,14963.259681459256,33.85197161067964,5065.35841939986
Udaipur,Cotton,Kharif,15227.41367458118,29.825122871163316,4541.594838544162
Nagaur,Opium,Kharif,17925.359200253253,38.32279931116366,6869.499432118265
Hanumangarh,Bajra,Rabi,12523.508409622465,30.03651561171685,3761.6255585909244
Alwar,Onion,Rabi,16238.794362826873,39.88263850154879,6476.4596527361255
Bhilwara,Tomato,Rabi,12533.338813300707,27.992241571388192,3508.362477579692
Ajmer,Pomegranate,Rabi,15734.89971332617,30.999720171744546,4877.774880435747
Nagaur,Guava,Kharif,13586.885083145033,39.73803212999852,5399.16075980615
Udaipur,Citrus,Kharif,10655.746975508027,29.038702321759708,3094.2906443776897
Bhilwara,Cotton,Kharif,12844.667336242692,30.617320529206474,3932.692969247712
Jodhpur,Bajra,Kharif,15932.722696794013,32.11822365069129,5117.3075094007545
Hanumangarh,Opium,Rabi,17572.978869606057,29.312091046227373,5151.007565793225
Bhilwara,Cotton,Kharif,14942.951376291934,44.5489656015228,6656.930268476572
Ajmer,Sugarcane,Rabi,14944.46059202283,33.039951535852545,4937.642536898926
Sri Ganganagar,Wheat,Rabi,15968.155681014268,29.222408766495846,4666.279725576418
Jaipur,Garlic,Kharif,16558.039542723516,48.93967904705696,8103.451408693667
Kota,Fennel,Kharif,14673.719554629428,28.67199712558434,4207.248448919657
Jaipur,Cumin,Kharif,17070.43197513334,35.2610432841812,6019.212407548474
Bhilwara,Mango,Rabi,15672.27744543125,49.199316913602544,7710.653447956774
Sri Ganganagar,Onion,Rabi,15293.028295646494,42.03160807965431,6427.905716736772
Alwar,Onion,Rabi,15073.530522776828,41.38891351472143,6238.7705116872385
Jaipur,Pulses,Rabi,19353.430823385126,49.621991296041294,9603.55775866554
Sri Ganganagar,Mustard,Rabi,20000.0,25.815686354108294,5163.137270821659
Alwar,Coriander,Rabi,17616.961910162034,45.206236530317696,7963.965470563824
Alwar,Tomato,Kharif,20000.0,29.81220753164984,5962.441506329968
Nagaur,Citrus,Kharif,12480.834473457671,36.86517434530854,4601.081388389542
Jaipur,Coriander,Rabi,8628.312827070578,46.12986668814119,3980.2292045634445
Ajmer,Fennel,Rabi,12722.602015338907,32.09164043058726,4082.89169217721
Jodhpur,Oilseeds,Rabi,16025.267927331479,34.85102558327732,5584.970225143029
Jodhpur,Oilseeds,Rabi,17851.27151455815,33.18149197466991,5923.318224979648
Nagaur,Onion,Kharif,12304.755985954926,27.085934739832062,3332.8581762513304
Sri Ganganagar,Opium,Kharif,11039.300378938075,50.37206768087202,5560.723858373448
Bhilwara,Mustard,Rabi,18538.32036216386,45.84114556484735,8498.178422497273
Nagaur,Fenugreek,Rabi,9860.596412727367,40.45211484149317,3988.8197849326307
Hanumangarh,Maize,Rabi,14656.380464242146,53.61594317241768,7858.156620841395
Kota,Mustard,Rabi,10216.717023616899,27.40100723413937,2799.4833707328153
Sri Ganganagar,Coriander,Kharif,15015.73109915455,36.14786692568661,5427.866495641326
Bhilwara,Opium,Kharif,13649.80358556227,45.14003965113265,6161.526750824535
Sri Ganganagar,Chilli,Kharif,11797.138711852218,35.43220317283964,4179.986156965196
Nagaur,Barley,Kharif,15360.886895135696,45.594127104966375,7003.662295418292
Nagaur,Cotton,Rabi,17134.84463426667,24.214791784125676,4149.1669507211045
Nagaur,Cumin,Rabi,10397.657487793134,56.37632874881603,5861.817567494144
Sri Ganganagar,Cumin,Rabi,15996.942035938775,40.77856672403225,6523.323681930056
Kota,Onion,Kharif,19653.45592656757,48.45592224572401,9523.26332237522
Kota,Cumin,Kharif,18537.89155219148,41.14556344057715,7627.519929152337
Bhilwara,Mustard,Kharif,20000.0,39.61435414770847,7922.870829541694
Udaipur,Mango,Rabi,14253.10755456278,50.95562613287363,7262.760197819377
Udaipur,Citrus,Kharif,16936.12784875544,36.61318370330249,6200.855601491002
Alwar,Garlic,Rabi,12105.229618259687,38.86586131164267,4704.801754888701
Udaipur,Cotton,Kharif,18175.273460548764,22.99150157530109,4178.7682839973495
Alwar,Chilli,Rabi,11450.224462002676,32.99062366229162,3777.5004607469577
Hanumangarh,Tomato,Kharif,14191.779496666326,28.246192078144556,4008.6372959351074
Hanumangarh,Guava,Kharif,19507.071156288082,40.936304313229265,7985.47401113626
Jaipur,Bajra,Kharif,19885.846636713875,33.38529026964125,6638.94762224262
Sri Ganganagar,Tomato,Kharif,9889.852681934535,27.879920488031892,2757.2830641068376
Nagaur,Maize,Rabi,16152.196346817922,32.661616845860706,5275.56848298878
Jaipur,Garlic,Kharif,8797.67369988037,27.086662914003178,2382.9962193605074
Jodhpur,Tomato,Rabi,11086.59149848544,43.95130708714339,4872.701874996468
Kota,Onion,Kharif,16099.794738290544,34.17640460894064,5502.3309909671125
Sri Ganganagar,Citrus,Kharif,13458.399247989919,44.2623610863306,5957.0052715853
Ajmer,Tomato,Rabi,14811.962708180485,37.8934542194436,5612.7643078254305
Nagaur,Chilli,Rabi,12042.821860993368,48.94956406354006,5894.908801904956
Sri Ganganagar,Citrus,Kharif,13409.227144882678,44.52217733656813,5970.079888907897
Hanumangarh,Cotton,Rabi,14678.908920136326,28.750851561211114,4220.311314433772
Sri Ganganagar,Cumin,Kharif,13339.052083958453,41.04562879173469,5475.097802717737
Bhilwara,Garlic,Kharif,20000.0,33.746683162390966,6749.336632478193
Hanumangarh,Garlic,Kharif,12900.823476022244,37.162151699674084,4794.223590666554
Udaipur,Bajra,Rabi,14663.01585092751,38.42664231088086,5634.504653023677
Ajmer,Citrus,Rabi,16842.500100130277,35.4507300085486,5970.789237186712
Bhilwara,Opium,Kharif,13408.496557168417,32.65664524063874,4378.765152777749
Kota,Onion,Rabi,14174.844908545068,21.674831432287878,3072.3737397153845
Nagaur,Mango,Rabi,10454.426813404343,53.25921583782536,5567.945741158507
Bhilwara,Gram,Kharif,19934.90314050385,24.751544586486766,4934.196439094761
Kota,Citrus,Rabi,16729.6708891673,27.70705735202675,4635.299508066908
Sri Ganganagar,Mango,Kharif,20000.0,45.86370562496422,9172.741124992843
Udaipur,Fenugreek,Kharif,14616.247225557701,44.185341297243376,6458.2387214615355
Bhilwara,Garlic,Rabi,10180.661039227281,41.2592219973819,4200.461538975751
Ajmer,Fennel,Kharif,12730.94776414709,42.833532002477796,5453.114584774676
Jodhpur,Citrus,Rabi,13060.281347272421,39.24943150715355,5126.08618203924
Jodhpur,Tomato,Rabi,20000.0,46.08377600342365,9216.75520068473
Jaipur,Barley,Kharif,14976.082076050148,51.549066613736386,7720.030525510926
Sri Ganganagar,Guava,Kharif,15232.104922942855,32.686599877812654,4978.857189130935
Ajmer,Chilli,Kharif,19569.37223180897,41.2579374485338,8073.9193544704885
Kota,Oilseeds,Rabi,11888.261537020631,26.46078524260318,3145.727354390025
Alwar,Coriander,Rabi,12373.14523984573,32.26424662507753,3992.1020954628675
Nagaur,Pulses,Rabi,17778.532642594924,43.50360773082874,7734.303101131837
Sri Ganganagar,Tomato,Kharif,10804.297278542577,44.01696804737271,4755.724080839245
Bhilwara,Sugarcane,Rabi,13048.072292634519,25.538784031357874,3332.319003071376
Udaipur,Cumin,Kharif,13222.818227283393,37.43339778172514,4949.750144973449
Alwar,Opium,Kharif,15145.56488383448,33.3945005963745,5057.7857554563925
Sri Ganganagar,Bajra,Kharif,15811.370477339517,46.10061629245931,7289.139234337482
Jodhpur,Maize,Kharif,14283.155859400771,35.73151752097816,5103.588338450405
Nagaur,Sugarcane,Kharif,13269.686008295002,27.478400460356667,3646.2974611912186
Alwar,Cotton,Rabi,16502.75156287314,35.32127011512427,5828.981455950315
Jaipur,Coriander,Kharif,15297.996916287677,49.26390136290309,7536.390111339918
Sri Ganganagar,Maize,Kharif,9991.784156635884,32.131009825162614,3210.4611490777174
Ajmer,Coriander,Kharif,13012.12872316246,44.33743688134251,5769.244359551194
Kota,Fennel,Rabi,12710.22253037245,38.99654441227459,4956.547573955623
Jaipur,Sugarcane,Kharif,10117.37268635051,25.95833647705759,2626.301644560786
Udaipur,Pulses,Rabi,15779.167505164445,43.42342486187785,6851.854945434928
Udaipur,Citrus,Rabi,16915.77737633212,25.03200826130381,4234.3587903072175
Hanumangarh,Guava,Kharif,14801.76060405805,40.219985500390585,5953.265968754673
Sri Ganganagar,Onion,Kharif,13044.491676593523,43.870945249424246,5722.741801504047
Udaipur,Gram,Kharif,12418.759904148143,47.18522857546128,5859.820247010037
Kota,Maize,Kharif,18018.87842764332,46.34448887656019,8350.757108580063
Hanumangarh,Guava,Rabi,17507.076336195427,39.70968497865663,6952.004862076145
Jaipur,Cotton,Rabi,16589.41253374585,41.61258541172864,6903.283459909007
Sri Ganganagar,Cumin,Kharif,7585.066499618132,41.929743278582045,3180.398910799612
Udaipur,Gram,Rabi,16731.21638154162,36.039980227754405,6029.927075770406
Nagaur,Garlic,Kharif,16113.437620113926,44.98943222445194,7249.344097130496
Ajmer,Fennel,Rabi,15259.7693624187,40.24861015598558,6141.845081382428
Bhilwara,Opium,Kharif,18503.346184979422,42.279988383938154,7823.212617649164
Jodhpur,Pulses,Rabi,16012.807986225607,46.65248758343796,7470.3732575336635
Sri Ganganagar,Onion,Rabi,13537.18132778252,26.243301509010436,3552.603311671429
Hanumangarh,Pulses,Kharif,16183.356427134891,34.8111902664936,5633.618997354747
Hanumangarh,Citrus,Rabi,15869.32457068924,56.917817779695255,9032.473242013308
Jodhpur,Onion,Kharif,17613.374110295077,46.89588431897927,8259.947547433023
Sri Ganganagar,Barley,Kharif,18603.641766491834,29.18989766581208,5430.383993753241
Bhilwara,Maize,Kharif,8885.626394466439,24.7132547453803,2195.9274865872417
Udaipur,Garlic,Kharif,9387.624236922433,25.581758087057032,2401.5193224114305
Sri Ganganagar,Bajra,Rabi,15055.255137568654,56.89375572522771,8565.500081778106
Bhilwara,Mustard,Rabi,15980.782121292488,40.14336588853376,6415.2238387998295
Nagaur,Wheat,Rabi,17488.216743550467,34.7927532391192,6084.632097505841
Ajmer,Pulses,Rabi,15706.843674325697,28.77463975222522,4519.587683732394
Hanumangarh,Bajra,Rabi,10564.241262660475,50.51054122229044,5336.055437798334
Ajmer,Mango,Rabi,16015.489222483242,42.859088523376116,6864.092703315854
Nagaur,Wheat,Kharif,16898.345598318854,57.0098269546829,9633.717583805854
Kota,Pulses,Kharif,15545.598765175486,46.07891597832242,7163.24339333234
Jodhpur,Fenugreek,Rabi,13621.917301379268,25.890439234084326,3526.774221430819
Udaipur,Maize,Kharif,17491.007449632736,23.220542697133784,4061.5068530008202
Sri Ganganagar,Barley,Rabi,15214.698711658177,41.463089923680194,6308.4842084318425
Hanumangarh,Gram,Rabi,16436.939477239175,38.137567477442474,6268.64888435847
Udaipur,Chilli,Rabi,18112.619832773697,34.44876905927021,6239.574576775785
Ajmer,Coriander,Rabi,14190.375194119886,38.95466799418602,5527.813543998732
Hanumangarh,Sugarcane,Kharif,13667.120219771665,42.63360023111571,5826.785397603434
Jaipur,Barley,Kharif,17270.965849936056,41.92367692939938,7240.623925514087
Alwar,Fenugreek,Rabi,17608.817760316982,42.30738354979509,7449.830068441744
Bhilwara,Mustard,Rabi,16240.304709671102,39.256130311241726,6375.315179771215
Kota,Mustard,Rabi,12678.63240268928,27.90801333733104,3538.354421933699
Nagaur,Garlic,Kharif,9663.839253287164,39.68734539687012,3835.321263050391
Nagaur,Chilli,Kharif,16963.09696906217,36.140874706678325,6130.6116219611085
Nagaur,Citrus,Rabi,15839.90587895946,39.78212729369262,6301.451519968753
Jodhpur,Fennel,Rabi,20000.0,36.213736862083096,7242.747372416618
Ajmer,Citrus,Kharif,15328.184383814678,49.001180322541565,7510.991270084687
Alwar,Citrus,Rabi,16443.02769521014,33.54835526657405,5516.36534777026
Udaipur,Fenugreek,Kharif,12628.576633664065,35.9773742002121,4543.430271653869
Kota,Fenugreek,Kharif,20000.0,30.267689065133002,6053.5378130266
Jodhpur,Mustard,Kharif,19779.55987991819,26.012658493783402,5145.189363136513
Udaipur,Pulses,Rabi,12031.185539224258,39.162735676978336,4711.741391533236
Hanumangarh,Garlic,Kharif,15167.174736866084,46.31861749331754,7025.2256509120925
Alwar,Guava,Kharif,9922.606110855542,53.84565607943797,5342.892360568571
Jaipur,Sugarcane,Kharif,14525.976304263031,32.34867421748112,4698.960751574552
Nagaur,Chilli,Rabi,11963.686874219497,24.09097205714709,2882.168461872793
Bhilwara,Maize,Rabi,17469.511751885744,34.000318889352066,5939.689704053988
Hanumangarh,Guava,Rabi,11130.117300776838,38.35835795481827,4269.330235023136
Nagaur,Maize,Kharif,13992.645902129616,53.827888237598586,7531.945797681248
Nagaur,Coriander,Rabi,14221.225945909186,34.1784994665355,4860.601634057379
Sri Ganganagar,Wheat,Rabi,14262.770807742167,30.963632603658773,4416.27195201118
Sri Ganganagar,Mango,Kharif,6909.340071175285,25.01607878624529,1728.4459558148258
Kota,Cumin,Kharif,14307.196409373966,28.601265976170243,4092.039298778127
Jaipur,Mustard,Rabi,20000.0,38.28079137089924,7656.1582741798475
Bhilwara,Mango,Rabi,14193.333928335509,30.461329203981464,4323.478172930674
Udaipur,Cumin,Rabi,20000.0,47.36237605016008,9472.475210032017
Kota,Oilseeds,Rabi,15041.787875738839,41.74825616292042,6279.6841338465565
Sri Ganganagar,Tomato,Kharif,15594.254282303566,36.60536578303068,5708.333821173145
Bhilwara,Citrus,Kharif,13279.013979359292,28.72736223997047,3814.7104477468615
Hanumangarh,Gram,Kharif,14901.740189352005,33.80521461252151,5037.565252010815
Sri Ganganagar,Fenugreek,Kharif,12861.462651968508,38.57963254043937,4961.905030455298
Sri Ganganagar,Barley,Rabi,14235.068347737433,40.12775081454539,5712.2127548603
Nagaur,Barley,Rabi,7047.090574820964,33.39716834095819,2353.5287024127556
Ajmer,Pulses,Kharif,18738.255577492888,25.552360562753574,4788.066628331264
Jodhpur,Wheat,Kharif,13971.937217758954,42.05307198846011,5875.628816366624
Kota,Pulses,Kharif,10777.464915846536,35.334388383489376,3808.1513112595217
Ajmer,Chilli,Kharif,11668.272463602514,31.4983029292968,3675.3078072012427
Jaipur,Citrus,Rabi,17807.035179442384,41.134251145106624,7324.790572209318
Jodhpur,Mango,Kharif,17165.016192129704,34.893867780804115,5989.538054635356
Alwar,Sugarcane,Rabi,13426.43920116068,36.84477534857627,4946.941360980831
Udaipur,Oilseeds,Kharif,11333.616573324163,49.066226826930844,5560.978015561861
Udaipur,Mustard,Kharif,14279.023805525594,44.383731202221554,6337.563544145706
Ajmer,Citrus,Kharif,17132.879904610476,39.79166518985116,6817.458209021891
Alwar,Sugarcane,Kharif,13917.10150254276,34.079813709439115,4742.922265820125
Kota,Mustard,Rabi,11756.810017200309,40.62200554250225,4775.85201680857
Ajmer,Guava,Kharif,16779.30377390515,41.84771751308075,7021.755643965525
Kota,Maize,Rabi,15978.399066726353,25.07527564180321,4006.6276091289446
Ajmer,Oilseeds,Rabi,17772.081057620704,43.19171346680668,7676.066327496161
Jodhpur,Oilseeds,Kharif,13431.830938442881,40.43807740048144,5431.574191189345
Nagaur,Cumin,Kharif,12886.968928371722,36.10880836230211,4653.330914055163
Nagaur,Fennel,Kharif,10330.112479428288,49.43055226556753,5106.231648235714
Udaipur,Pulses,Kharif,11158.71194251115,31.3937127401494,3503.1339727326954
Bhilwara,Fennel,Kharif,8754.211776348835,52.526729288147806,4598.301121073908
Nagaur,Barley,Kharif,15633.052401607856,37.31897403021095,5834.094765885306
Sri Ganganagar,Tomato,Kharif,13365.24273957315,26.975547449829303,3605.347396998421
Udaipur,Sugarcane,Rabi,14887.095892725454,45.65307076732716,6796.416423105806
Jodhpur,Coriander,Kharif,15342.682945986118,37.11741182030079,5694.806813344725
Hanumangarh,Barley,Kharif,13909.163363358432,47.4544688131122,6600.519590429754
Nagaur,Fennel,Rabi,15923.405306676177,27.38808582219087,4361.115911207767
Bhilwara,Chilli,Rabi,10955.443733682861,52.580820810192094,5760.462238569204
Bhilwara,Gram,Kharif,15512.596314383825,48.64782474446742,7546.540668338155
Jodhpur,Chilli,Rabi,15055.301799196179,26.8815201358618,4047.0939846656843
Bhilwara,Tomato,Rabi,13380.720959071916,31.44362842466791,4207.384178912233
Sri Ganganagar,Pomegranate,Kharif,15587.535765293045,40.021399604401,6238.349977106855
Nagaur,Barley,Kharif,16224.758267143416,22.110786240344435,3587.4216184606926
Jodhpur,Garlic,Kharif,18087.46691197693,33.62088591421066,6081.166615246366
Nagaur,Pulses,Kharif,15768.089202941626,29.694505316657573,4682.2560867028105
Kota,Guava,Kharif,19996.42333338773,54.18234377842921,10834.530833886172
Alwar,Pulses,Rabi,9477.377306005064,28.550270137419698,2705.8168228069553
Alwar,Fennel,Kharif,13125.544266912962,45.447889333460104,5965.2828328409205
Hanumangarh,Mustard,Kharif,16552.977061407368,34.97527169498372,5789.448700835558
Jaipur,Guava,Kharif,15560.300293431235,27.277696902844582,4244.491551214608
Ajmer,Mango,Kharif,13165.446591024156,25.608262368021737,3371.44210495124
Kota,Pulses,Rabi,12230.300261667287,28.016046951651074,3426.446663636611
Jodhpur,Chilli,Rabi,12072.380241068002,45.925926203033235,5544.352440462456
Nagaur,Pulses,Kharif,12151.803333504171,36.45240470100492,4429.6245295991475
Kota,Opium,Rabi,16479.953702642666,43.82491692884537,7222.3260200953255
Jaipur,Citrus,Kharif,12424.92665945636,44.8440068444222,5571.834961581048
Ajmer,Tomato,Kharif,13273.086521286677,44.3443014308907,5885.857496182289
Bhilwara,Maize,Rabi,20000.0,32.42222902697856,6484.445805395712
Bhilwara,Bajra,Kharif,18447.819978857027,39.007306142843184,7195.99761583335
Nagaur,Tomato,Kharif,14895.034528509115,52.06927108078021,7755.735906225224
Alwar,Chilli,Kharif,13119.098826636699,58.06610352743219,7617.749506541008
Ajmer,Coriander,Rabi,17123.255806366426,44.19129462343479,7566.988422515791
Jaipur,Fennel,Kharif,16897.223217166564,51.409625561384445,8686.79918621665
Hanumangarh,Gram,Rabi,16865.42988665159,27.081981073250976,4567.4925298253975
Kota,Cotton,Kharif,12818.588472525395,46.45365824157077,5954.703280420334
Kota,Citrus,Rabi,14776.699712699861,51.68054258192894,7636.678587225623
Ajmer,Tomato,Kharif,15533.103002799762,41.81718618431615,6495.506602882379
Alwar,Barley,Kharif,16140.59355301789,39.84293820119732,6430.886714635356
Ajmer,Pomegranate,Rabi,16679.37134379312,38.087764627320944,6352.799698740741
Jaipur,Mango,Rabi,17501.766463646713,48.090689973941544,8416.720249995613
Udaipur,Pulses,Rabi,14789.50286562406,21.6461271839501,3201.354600166929
Bhilwara,Opium,Rabi,16288.854657397758,44.8842529979416,7311.130734893403
Bhilwara,Tomato,Rabi,15814.736511586121,41.56318514025909,6573.108215754691
Jaipur,Cotton,Rabi,11756.830378775212,50.705319041484096,5961.338352724094
Hanumangarh,Coriander,Kharif,14881.334538430036,29.67285805866162,4415.717274822932
Sri Ganganagar,Maize,Kharif,15084.955128391384,28.129663318594464,4243.347089377546
Ajmer,Citrus,Kharif,17814.851417927992,25.19903870679913,4489.171304362428
Bhilwara,Coriander,Rabi,15288.36233082295,38.91284244539669,5949.136346274512
Nagaur,Maize,Rabi,13696.511317703053,31.283736438291328,4284.780501870966
Jaipur,Coriander,Kharif,15666.401314901139,29.529309921629505,4626.180197843397
Alwar,Oilseeds,Rabi,18767.268376720564,34.679812916661334,6508.453562614436
Udaipur,Mustard,Rabi,14439.385067515923,33.23277908575182,4798.608940828603
Bhilwara,Barley,Kharif,19340.933653061198,50.49944246618961,9767.063662551545
Sri Ganganagar,Wheat,Kharif,18095.533618405905,38.07061425056716,6889.08080044501
Udaipur,Maize,Rabi,15801.150797607777,48.22748979498989,7620.498388407254
Udaipur,Pulses,Rabi,15246.851967826273,37.4095963899904,5703.785783343117
Udaipur,Fennel,Rabi,13448.134649698884,52.20870772213333,7021.097313340229
Bhilwara,Opium,Kharif,20000.0,39.31325447891239,7862.650895782479
Kota,Mustard,Kharif,13663.492435797685,29.692435114241974,4057.0236258385876
Ajmer,Barley,Rabi,19738.71643719214,44.679748609878494,8819.208882954212
Udaipur,Sugarcane,Kharif,13739.439548712427,48.32680715079792,6639.832454306715
Hanumangarh,Onion,Kharif,10966.648466897168,23.534785064576877,2580.977145471964
Ajmer,Sugarcane,Kharif,11987.577699743797,42.97909968777908,5152.152969722862
Jaipur,Fennel,Kharif,14895.945337839656,32.575930370001885,4852.492781208189
Udaipur,Citrus,Kharif,19651.50147844223,39.231596907849074,7709.597846362457
Alwar,Mango,Rabi,17952.967195429752,36.60465366549273,6571.621464566584
Bhilwara,Guava,Kharif,14851.608871042701,48.06732677918763,7138.771368010914
Alwar,Mustard,Kharif,11631.833935313105,41.59331686894934,4838.06554638476
Kota,Garlic,Kharif,15499.356624639167,34.65686629998057,5371.591302758377
Jodhpur,Mango,Kharif,15867.505931723454,40.68199504790038,6455.217977369034
Nagaur,Opium,Kharif,13086.780047246051,27.617407247808366,3614.22934127287
Bhilwara,Guava,Kharif,13130.578420725707,24.611367963748716,3231.614970893389
Udaipur,Coriander,Kharif,13087.838618080446,35.6525524842233,4666.148532361577
Jaipur,Mustard,Kharif,19261.512743969564,32.137516328658414,6190.17180323984
Kota,Wheat,Rabi,12502.933280687314,48.39546142759893,6050.852253173458
Bhilwara,Barley,Rabi,13343.330867157087,28.36954895768329,3785.442782943796
Udaipur,Guava,Kharif,15608.7690625539,41.3494445414664,6454.139307126289
Jaipur,Coriander,Rabi,19642.515603990185,49.51502657221639,9725.996820767492
Udaipur,Guava,Kharif,13161.633928546842,42.368235294926436,5576.352031503596
Nagaur,Pulses,Kharif,15857.596172174715,36.119806097065826,5727.732989045239
Sri Ganganagar,Maize,Rabi,16975.63281801849,30.803572657068703,5229.101389095525
Kota,Onion,Kharif,14469.158317517851,44.019623371084975,6369.268996337374
Jodhpur,Cotton,Kharif,10862.042315956418,39.48711421665078,4289.10705556265
Ajmer,Coriander,Kharif,14900.619081378609,49.949381726086486,7442.767104507882
Bhilwara,Bajra,Rabi,13447.166102891486,29.028616283818188,3903.5262490560376
Jodhpur,Tomato,Rabi,14950.731311781743,53.10791924121398,7940.022311031939
Bhilwara,Mustard,Kharif,20000.0,39.482484604712795,7896.496920942559
Jodhpur,Garlic,Kharif,13531.681672445333,52.22042842953512,7066.302143071836
Kota,Opium,Rabi,17045.674468878933,53.12349022660707,9055.257210534157
Hanumangarh,Maize,Rabi,16751.78455597789,47.8452076102445,8014.926099228497
Kota,Maize,Kharif,16771.964492076928,28.501712608250067,4780.2971182895135
Hanumangarh,Cumin,Kharif,17461.446543592094,38.54608817071156,6730.704580574675
Hanumangarh,Pulses,Rabi,18200.024068767463,29.75913903172156,5416.1704664312965
Alwar,Opium,Kharif,19146.47697311258,40.616726012609924,7776.672093236587
Alwar,Cumin,Rabi,14498.645759049437,28.545921658148334,4138.772059870698
Udaipur,Fennel,Rabi,18619.52689952507,33.28802267275284,6198.072335873218
Hanumangarh,Guava,Rabi,16106.019926618703,45.102317252139585,7264.188203996386
Hanumangarh,Fennel,Rabi,15086.234468804452,49.84460025134861,7519.673263956745
Kota,Citrus,Rabi,15573.29720405971,45.99737883013167,7163.30851129365
Hanumangarh,Pulses,Kharif,10920.431577060242,31.289250744920245,3416.9212185738274
Udaipur,Opium,Rabi,16936.452543423227,40.93005403493241,6932.099177623812
Hanumangarh,Sugarcane,Rabi,14076.665295140998,31.950309132654148,4497.538077366591
Hanumangarh,Cotton,Rabi,15748.151051132267,47.034051170604926,7406.993423813708
Nagaur,Garlic,Rabi,14714.113402839144,38.612454247099684,5681.480305537627
Kota,Cumin,Rabi,16823.68952914962,29.826407379666364,5017.9021752544395
Nagaur,Coriander,Kharif,13660.699156348415,46.95729169136794,6414.6943499267645
Nagaur,Barley,Rabi,18220.895249579316,24.255841865781875,4419.63153826772
Nagaur,Cotton,Rabi,15398.909022440628,41.081263083693685,6326.066327527477
Alwar,Coriander,Rabi,18585.139886774527,31.74647161323535,5900.126158434956
Hanumangarh,Sugarcane,Kharif,13323.234458185236,38.47208144308839,5125.72561160664
Alwar,Sugarcane,Kharif,19696.57208770302,26.64795499625552,5248.7336657361275
Jaipur,Oilseeds,Kharif,13334.401419920405,42.04806079421417,5606.85721559269
Bhilwara,Bajra,Kharif,10655.958298751268,31.3346711801289,3339.0094940053673
Udaipur,Opium,Kharif,16320.043350159996,41.17833808818646,6720.322626867474
Udaipur,Pomegranate,Rabi,11936.30154860786,47.13457087137298,5626.124512849363
Hanumangarh,Garlic,Rabi,15731.402141313596,31.117684452615535,4895.248078305968
Bhilwara,Gram,Kharif,11159.086803987317,39.40167695916984,4396.867334100433
Kota,Gram,Rabi,16950.603533875983,31.93540539911899,5413.2439561406845
Alwar,Coriander,Kharif,20000.0,27.867369481295707,5573.473896259142
Kota,Mango,Kharif,10423.424487225784,27.687712989443146,2886.007855694411
Kota,Onion,Kharif,14863.241950933507,38.380761115212664,5704.625387163863
Sri Ganganagar,Onion,Rabi,14276.29182643101,28.210621542033834,4027.4306573907625
Alwar,Chilli,Kharif,11245.381727428668,56.26574712505129,6327.29804600174
Ajmer,Cumin,Kharif,14753.546464822293,29.145606724949634,4300.010630619815
Sri Ganganagar,Onion,Kharif,16028.176039133112,33.61188381663782,5387.371908199603
Jaipur,Gram,Kharif,16709.30184069661,29.617554552128148,4948.886587948072
Sri Ganganagar,Guava,Kharif,16928.168279602633,38.68728153319186,6549.048120742351
Alwar,Barley,Rabi,15589.56350910441,36.47818059097758,5686.789130196248
Sri Ganganagar,Mustard,Kharif,14730.79291713832,43.022148937893576,6337.503668543925
Hanumangarh,Cotton,Rabi,12970.823093822191,33.29822360582644,4319.053677297089
Jodhpur,Pomegranate,Kharif,14879.52614806697,38.45219504645327,5721.504416442726
Udaipur,Garlic,Kharif,15384.313244732368,40.88607445881811,6290.041768219092
Ajmer,Coriander,Kharif,17521.93064696617,35.05448056253644,6142.221772821871
Jaipur,Barley,Rabi,13661.44970035566,34.745042183502974,4746.676461266615
Bhilwara,Chilli,Kharif,13643.08104225277,21.761282803435673,2968.9094487065445
Hanumangarh,Pulses,Kharif,10248.29152954283,51.955821120539454,5324.58401500067
Udaipur,Oilseeds,Kharif,17357.400475952498,51.882699734412355,9005.487970637896
Sri Ganganagar,Cumin,Kharif,12099.071570612361,37.503084549720434,4537.525040857942
Hanumangarh,Garlic,Kharif,14989.192382728295,37.77013552390467,5661.438276895273
Sri Ganganagar,Onion,Rabi,19510.19490530145,37.21030910262159,7259.8038307866
Jodhpur,Citrus,Kharif,14337.107478511009,45.03963849985361,6457.381379656835
Jaipur,Coriander,Kharif,15625.148423842658,25.178566874028093,3934.18844506337
Nagaur,Cumin,Rabi,14258.467852438209,40.100083404688355,5717.657501058398
Nagaur,Onion,Rabi,11995.139970315253,37.03465292779947,4442.358456210002
Nagaur,Pomegranate,Rabi,20000.0,48.46002886336063,9692.005772672126
Ajmer,Barley,Rabi,13286.46303065161,31.474164701729347,4181.803257301668
Bhilwara,Mango,Kharif,19198.066309758007,31.44741176502307,6037.29496335177
Ajmer,Citrus,Kharif,15178.891109760523,43.79145608822383,6647.057435010091
Jaipur,Opium,Rabi,17094.66994084077,39.461029411088504,6745.7327330836815
Hanumangarh,Mango,Kharif,17685.579660083196,40.559278961699476,7173.143590326726
Udaipur,Oilseeds,Kharif,18148.658145958005,45.24451357359467,8211.272098273264
Udaipur,Garlic,Kharif,18952.182196902977,42.72459183451908,8097.242487361189
Sri Ganganagar,Coriander,Kharif,20000.0,27.752369375133576,5550.473875026716
Ajmer,Cotton,Kharif,20000.0,31.227711937637242,6245.542387527448
Sri Ganganagar,Sugarcane,Rabi,13045.745989156654,40.21128991569302,5245.862741364676
Bhilwara,Mango,Kharif,14038.95807541704,35.15037029227018,4934.745748685657
Sri Ganganagar,Sugarcane,Rabi,16568.5064641065,37.0801609753922,6143.628868108952
Hanumangarh,Pomegranate,Kharif,14926.936223217052,55.19807683727814,8239.38172594285
Kota,Sugarcane,Rabi,20000.0,33.59531752994528,6719.063505989056
Jodhpur,Guava,Kharif,15114.0104345046,41.89622256936265,6332.199450796743
Bhilwara,Bajra,Rabi,16840.55391819125,41.0247540579764,6908.795826938868
Sri Ganganagar,Garlic,Kharif,14227.870387729965,23.687735019941755,3370.260236426234
Nagaur,Cumin,Rabi,16197.669367815837,33.07173545453259,5356.8503631239155
Hanumangarh,Maize,Rabi,13550.440613101879,30.453795347601044,4126.623453012263
Alwar,Mango,Kharif,11322.703010992976,23.484596836686556,2659.0911531470697
Kota,Wheat,Rabi,15673.355455679915,38.85561229978992,6089.97823022696
Bhilwara,Onion,Rabi,20000.0,41.88337660481799,8376.675320963597
Sri Ganganagar,Mango,Kharif,18236.042500293886,40.98899542282586,7474.7706257500395
Jodhpur,Fennel,Rabi,14482.11810017754,41.77018833492093,6049.208005329831
Jaipur,Oilseeds,Kharif,16956.96863524026,39.63823379607065,6721.442872362905
Kota,Barley,Kharif,19429.621049177687,50.86788826401514,9883.437925417273
Kota,Sugarcane,Rabi,13123.311895471412,26.230357990669475,3442.2916904142635
Nagaur,Coriander,Rabi,16482.090558848216,49.46811511775697,8153.379531463989
Udaipur,Sugarcane,Kharif,13349.08453846374,46.38767253905613,6192.329622664332
Hanumangarh,Chilli,Kharif,14923.337787025665,52.770474055342596,7875.116095093516
Kota,Chilli,Kharif,16630.800463783296,30.641597875415297,5095.9430015751805
Jodhpur,Mango,Rabi,17315.096131945036,30.950063547977418,5359.033256230368
Sri Ganganagar,Opium,Rabi,18446.29710111631,20.941564270565244,3862.9431629696855
Udaipur,Sugarcane,Rabi,13912.677175790603,26.096957180183914,3630.785405183294
Alwar,Citrus,Kharif,11115.955572837283,30.32223003144881,3370.6056189893743
Jodhpur,Oilseeds,Rabi,13596.896396064327,38.21621141276158,5196.218672294103
Ajmer,Wheat,Kharif,14859.238263362447,36.239413446532815,5384.90078926532
Bhilwara,Cotton,Kharif,15230.465673180766,28.37268002069287,4321.291291113044
Nagaur,Wheat,Kharif,17988.80045834142,39.300791554366775,7069.740971263735
Ajmer,Barley,Rabi,10330.254304020746,35.06648024248387,3622.456584517774
Kota,Pomegranate,Kharif,19502.279371902932,45.8500635088871,8941.807477698081
Sri Ganganagar,Guava,Rabi,13954.043596776422,29.413739882304558,4104.406086619192
Kota,Onion,Rabi,14035.094846347853,43.92852688126805,6165.410412389383
Nagaur,Guava,Kharif,16145.80635669466,44.37828165538778,7165.23142050746
Bhilwara,Garlic,Rabi,18090.850362095527,45.098272941716864,8158.6610737754145
Nagaur,Mustard,Kharif,14222.87356253789,37.45418669611111,5327.061617664771
Udaipur,Mustard,Rabi,14785.196221757808,26.44514866601114,3909.967121405314
Hanumangarh,Chilli,Rabi,17182.88863091094,39.52178030964259,6790.983495559174
Kota,Oilseeds,Kharif,17197.920231646738,45.98793076393343,7908.967648966201
Bhilwara,Gram,Rabi,15235.90557094827,34.34608251624712,5232.936699495385
Bhilwara,Mustard,Kharif,17748.983024107445,46.78402948760304,8303.689451748085
Bhilwara,Pulses,Kharif,17994.030329578956,25.871810842234673,4655.381489763004
Jaipur,Garlic,Kharif,20000.0,41.23544024833474,8247.088049666949
Sri Ganganagar,Wheat,Kharif,18324.54845021255,28.100136733105757,5149.223170233939
Jaipur,Bajra,Rabi,16838.32171518771,23.37943370264518,3936.7042620404177
Udaipur,Opium,Rabi,13128.693117912584,45.90367577260799,6026.552722027292
Jaipur,Mustard,Kharif,14427.95279770996,26.354204468992624,3802.372180998225
Alwar,Oilseeds,Rabi,17610.203192066263,46.33391407235758,8159.496414979554
Alwar,Guava,Kharif,15451.256715430729,37.53507722668246,5799.641140629884
Alwar,Pomegranate,Rabi,20000.0,41.82586660570046,8365.173321140092
Hanumangarh,Pulses,Kharif,15603.297140144903,30.90407131895238,4822.054076298438
Hanumangarh,Pomegranate,Rabi,18316.57779887395,48.324003465065175,8851.303690209206
Ajmer,Wheat,Rabi,16916.190666087554,43.80870564174411,7410.764174702489
Bhilwara,Fenugreek,Kharif,19900.294596903288,33.908027626142086,6747.797389601627
Ajmer,Maize,Kharif,15907.9063957171,31.115553928766605,4949.8331934970665
Sri Ganganagar,Bajra,Rabi,14807.584960221022,26.65381850376651,3946.786820088337
Alwar,Coriander,Rabi,15964.07164635082,32.3253145000283,5160.4363666927475
Jodhpur,Gram,Rabi,19841.133807175942,37.80105325287055,7500.15755642388
Jaipur,Maize,Rabi,14267.530094128055,38.436398848403066,5483.924772794996
Ajmer,Garlic,Rabi,18568.411466773923,38.47539870162506,7144.270344399532
Jaipur,Pulses,Kharif,16792.200209549574,33.01743896711341,5544.35445542352
Nagaur,Mango,Kharif,14107.309489920024,35.176644139555435,4962.4780569348995
Kota,Fenugreek,Rabi,14549.83323890242,35.78277985490532,5206.334797132294
Sri Ganganagar,Barley,Rabi,14480.784527148391,40.713157002354656,5895.584539710605
Alwar,Garlic,Kharif,11711.174739314394,22.40318650433559,2623.6763186972407
Udaipur,Fennel,Kharif,19783.515189674916,40.86384622840113,8084.305225681138
Udaipur,Opium,Kharif,12025.822951631078,27.625150948798357,3322.1517432233236
Sri Ganganagar,Pomegranate,Rabi,13083.114756931493,38.05727735183918,4979.077269304819
Bhilwara,Maize,Rabi,19926.045480409106,35.80217513095289,7133.9576995693915
Kota,Tomato,Rabi,12935.548964466829,47.85758387621377,6190.641195518415
Alwar,Garlic,Rabi,17945.296460974783,33.58297101890189,6026.563709745187
Sri Ganganagar,Bajra,Kharif,7501.782855379281,50.598917638312315,3795.8209283983956
Bhilwara,Guava,Rabi,10831.282599709211,32.074056440459934,3474.0316942564486
Ajmer,Barley,Kharif,18067.71129602892,42.829071576146774,7738.233003147782
Nagaur,Coriander,Rabi,19152.818455531553,49.48189062238583,9477.176679270251
Ajmer,Cumin,Rabi,16784.263024995857,40.141200245202185,6737.4046305450165
Udaipur,Sugarcane,Rabi,17276.785769360296,31.147069183724245,5381.212416306476
Ajmer,Gram,Kharif,15312.603311855628,47.56145524702669,7282.896971322942
Nagaur,Opium,Rabi,12738.10623339997,33.93580196757514,4322.778505785959
Ajmer,Garlic,Kharif,9921.129557413844,43.95133862026663,4360.469246734319
Alwar,Tomato,Kharif,12034.226678547248,29.100654968807934,3502.03878388827
Udaipur,Chilli,Kharif,15539.682453460435,41.75180420490072,6488.097792032113
Bhilwara,Mango,Rabi,17754.94981800694,28.885890769538833,5128.675410615918
Alwar,Barley,Rabi,12031.115590288988,47.62660964019327,5730.012457547371
Jaipur,Cotton,Kharif,12052.53781938507,31.652449379206672,3814.923432190599
Ajmer,Mango,Rabi,16650.156297073656,31.155593882351642,5187.455076693066
Ajmer,Onion,Kharif,15316.126518437879,27.239904065552626,4172.098170181143
Bhilwara,Fennel,Kharif,13195.89706814636,37.68859176764332,4973.347776092095
Udaipur,Oilseeds,Rabi,10221.018799404992,44.902224898232745,4589.464848199478
Bhilwara,Oilseeds,Rabi,14941.086603219956,40.20352033660415,6006.842791035173
Jodhpur,Fenugreek,Rabi,15671.742402193984,50.1254859610252,7855.537037659778
Alwar,Pulses,Rabi,15375.673507943722,25.55272016189741,3928.9028244918536
Kota,Wheat,Rabi,15366.892509096851,39.68847731113775,6098.88564689983
Udaipur,Barley,Kharif,15146.580210977114,41.65049144382029,6308.625094804401
Jaipur,Wheat,Kharif,12894.024936579734,23.619381865205323,3045.488987565566
Hanumangarh,Cotton,Kharif,10792.18418460092,29.87748752323558,3224.433483238743
Alwar,Oilseeds,Rabi,11268.410293826146,44.62865607659507,5028.940075331307
Hanumangarh,Pulses,Rabi,12844.778203292408,32.46502405844865,4170.060333953248
Hanumangarh,Cotton,Kharif,14115.150965123918,35.6363544011449,5030.125222188184
Alwar,Mustard,Kharif,12979.528127268395,50.34902647027679,6535.066052515385
Bhilwara,Cumin,Rabi,12493.958840220728,60.42919242071256,7549.9984285216115
Ajmer,Sugarcane,Rabi,11437.204742911461,42.62429692688288,4875.028109754113
Jaipur,Mustard,Kharif,16901.330642796296,35.9084460748708,6069.005199804124
Hanumangarh,Onion,Rabi,14444.137023366875,40.387492437751035,5833.624748010694
Kota,Mustard,Kharif,15131.434415937329,45.455076929852915,6878.005154354552
Udaipur,Cumin,Rabi,17891.637350384728,57.84097919770399,10348.698237964667
Jaipur,Maize,Rabi,13327.5246449765,41.020900564952115,5467.070632385297
Nagaur,Onion,Kharif,14735.153854946235,32.91361348943454,4849.871586890517
Jodhpur,Fenugreek,Kharif,12588.976296090808,55.265775385896596,6957.395363181311
Nagaur,Fenugreek,Rabi,20000.0,27.851670616031722,5570.334123206345
Udaipur,Wheat,Rabi,16706.949237555826,46.13671318379784,7708.037251493831
Alwar,Mustard,Kharif,13862.61677703754,28.469626166263694,3946.6351732843405
Ajmer,Cumin,Kharif,13254.957258154069,37.671417848840434,4993.3303344044225
Hanumangarh,Mango,Kharif,13052.167364801979,38.518329434152335,5027.476823871346
Kota,Opium,Rabi,15102.250404777678,34.6308954881301,5230.0445540342635
Udaipur,Barley,Rabi,15701.357735372243,30.337307931563537,4763.369245616248
Jodhpur,Mango,Kharif,15992.640696643371,53.3258938863609,8528.218607519013
Udaipur,Wheat,Kharif,9018.793072285633,46.25657322207418,4171.784621229157
Bhilwara,Onion,Rabi,18683.00697741988,29.795167846781585,5566.633287748167
Alwar,Citrus,Rabi,20000.0,43.75193164088732,8750.386328177463
Alwar,Mustard,Kharif,12884.964432724773,44.700689648517056,5759.667962394107
Jodhpur,Mustard,Kharif,16674.980737565165,29.07484163697549,4848.224242443239
Kota,Pomegranate,Kharif,16616.267977339106,30.885603782547296,5132.034690927242
Jodhpur,Wheat,Kharif,15508.082472108234,31.012286533547833,4809.410972109114
Sri Ganganagar,Gram,Rabi,14666.3218159539,24.725390116704638,3626.305284765962
Alwar,Tomato,Kharif,12793.4101722307,30.991755327902926,3964.902378672783
Jodhpur,Guava,Rabi,18273.930361782808,42.35498293927256,7739.920087067657
Udaipur,Pomegranate,Rabi,11723.061705982263,31.27430523824301,3666.306101196471
Alwar,Mustard,Rabi,18639.29309993755,39.85594422026318,7428.8662609624735
Kota,Fenugreek,Kharif,20000.0,30.387508380148407,6077.501676029682
Sri Ganganagar,Sugarcane,Kharif,15576.147349470095,36.17422557118888,5634.5506774980695
Jodhpur,Oilseeds,Kharif,15400.622714346848,31.412682545582513,4837.748723300649
Sri Ganganagar,Onion,Rabi,17124.32603006577,37.28360119982375,6384.565425207332
Ajmer,Fennel,Kharif,12642.03161847615,34.54084095432485,4366.664034733307
Ajmer,Tomato,Rabi,9491.383880690111,29.829285219131457,2831.211969013721
Jaipur,Pomegranate,Kharif,11689.900181478379,36.12835432772418,4223.3685581217815
Alwar,Mango,Kharif,16165.735813592892,41.687147497927,6739.034132737678
Nagaur,Pulses,Kharif,14981.78726538032,35.78504275668158,5361.238978631423
Ajmer,Onion,Kharif,15245.488075642696,29.149791429614233,4444.027976476555
Alwar,Mango,Kharif,17757.229448963306,42.112884471897125,7478.0815232516115
Bhilwara,Cumin,Rabi,15802.176942215709,34.21349267069981,5406.476649935986
Sri Ganganagar,Pomegranate,Kharif,12995.728639070854,30.609755324440382,3977.960739047814
Nagaur,Bajra,Rabi,14475.120729913775,38.86545037288712,5625.820863700134
Hanumangarh,Wheat,Kharif,16609.52953071121,44.21012100812951,7343.093104408432
Ajmer,Tomato,Kharif,15084.543472107385,45.740296586088476,6899.714922799367
Jodhpur,Citrus,Kharif,18257.686697494733,29.831393858602727,5446.522428199371
Sri Ganganagar,Maize,Kharif,14924.919123764568,44.85757090680104,6694.956178725399
Alwar,Pomegranate,Rabi,19170.62264705194,38.24742889952209,7332.27026652687
Nagaur,Onion,Kharif,15031.057859530141,33.327088153468196,5009.41390324442
Alwar,Garlic,Rabi,11804.659010773881,43.401592270011285,5123.409972721228
Udaipur,Opium,Rabi,13171.46339352215,27.215685013781826,3584.703988886567
Ajmer,Fenugreek,Kharif,15169.949774691322,30.70296495454734,4657.6243629459095
Nagaur,Barley,Kharif,14788.503665822725,51.56242046315715,7625.310440380923
Udaipur,Citrus,Rabi,15193.423244430362,20.27293597251623,3080.1529663767656
Sri Ganganagar,Maize,Rabi,12181.993818543737,35.62366704361997,4339.672917192387
Alwar,Tomato,Rabi,11370.915771476677,35.64139613181018,4052.7531339264824
Jaipur,Onion,Rabi,19592.25249703109,36.33286394252859,7118.426443022967
Jodhpur,Gram,Rabi,14359.671387209375,38.73318821573512,5561.958545568869
Udaipur,Tomato,Rabi,15446.002371606335,36.74600457104843,5675.788737514713
Udaipur,Onion,Rabi,13159.79200937718,34.86664445565731,4588.3778910135425
Bhilwara,Mango,Rabi,13835.469544376314,33.060567312414484,4574.084721707137
Jodhpur,Wheat,Kharif,15481.721943149594,41.21179730589346,6380.295866672841
Kota,Maize,Rabi,16310.81450923905,43.41719775908238,7081.69859159342
Udaipur,Garlic,Kharif,17848.662406323972,41.69127262260421,7441.334503308796
Ajmer,Pomegranate,Rabi,7338.236595294135,32.430835448907715,2379.851435071369
Alwar,Pomegranate,Rabi,10899.363904753736,42.458447250841644,4627.700674177139
Ajmer,Tomato,Kharif,11489.660921821922,28.464257240862263,3270.4466408902185
Ajmer,Bajra,Kharif,16624.388184614363,47.13385473984432,7835.714978323976
Jodhpur,Cumin,Rabi,13270.468797819842,33.331092143397974,4423.192182862209
Hanumangarh,Oilseeds,Kharif,13361.26665524255,34.44843828863986,4602.747698311846
Bhilwara,Gram,Kharif,10563.265293677614,42.53338490524584,4492.9142859221465
Bhilwara,Chilli,Kharif,14954.070452481013,42.23704979836119,6316.158183896423
Nagaur,Pomegranate,Rabi,15358.74110524246,30.419056937572023,4671.984201697983
Bhilwara,Coriander,Rabi,18589.714504993473,44.624628478946676,8295.591033150198
Sri Ganganagar,Coriander,Rabi,14918.086381470204,37.90143513465026,5654.168833204024
Udaipur,Gram,Rabi,13670.153246425469,29.74699064068784,4066.4592067818694
Kota,Guava,Rabi,14481.16182022973,44.23585108995683,6405.865178892505
Alwar,Coriander,Rabi,10884.29657120593,33.0175355139796,3593.7264858447825
Alwar,Oilseeds,Kharif,19413.510982480824,40.03166800720681,7771.552265049357
Kota,Garlic,Rabi,12992.78178402025,41.113764968753884,5341.821765585153
Kota,Oilseeds,Kharif,13183.153380789408,54.45833758647163,7179.326172652643
Nagaur,Barley,Kharif,17033.777614017807,46.41523387584808,7906.267717438221
Bhilwara,Pulses,Rabi,20000.0,42.631640057027575,8526.328011405514
Hanumangarh,Chilli,Kharif,17226.28611602792,36.28271734735297,6250.164700924719
Bhilwara,Citrus,Kharif,18905.223868196394,43.029040189631196,8134.736376185976
Jodhpur,Cumin,Rabi,15096.0124471973,41.514400351961505,6267.019044511429
Ajmer,Sugarcane,Rabi,16379.916428817349,29.711354414620097,4866.695022984506
Hanumangarh,Sugarcane,Rabi,20000.0,45.12633981682023,9025.267963364045
Nagaur,Onion,Rabi,13904.035346063674,40.043974629933956,5567.728386514787
Sri Ganganagar,Garlic,Kharif,10958.62113141091,34.805406990083014,3814.1926852888073
Jaipur,Tomato,Rabi,18601.241723833275,46.47671246672123,8645.245631225771
Jodhpur,Fennel,Rabi,11859.26705195418,34.1837710575779,4053.944698146785
Jaipur,Tomato,Kharif,18557.11246398899,36.138334125990575,6706.231306372184
Jodhpur,Tomato,Rabi,17988.14305741745,41.031317967673694,7380.7721743689735
Ajmer,Bajra,Kharif,10734.56799977447,53.51135499585205,5744.212789630452
Nagaur,Fennel,Kharif,14031.960483473593,28.418373726515522,3987.6549713505
Kota,Bajra,Rabi,18984.582425547174,47.646612790756166,9045.510478242408
Nagaur,Guava,Kharif,16367.663316244823,48.56444373314866,7948.86464164893
Kota,Mango,Kharif,13069.445308859571,35.22406889101337,4603.59041926601
Sri Ganganagar,Chilli,Rabi,15171.039374691254,29.152248691273563,4422.699127561028
Alwar,Barley,Kharif,19585.405279237595,49.0465735736361,9605.970209976076
Kota,Opium,Rabi,16614.888237148898,34.59265107657283,5747.530314639461
Udaipur,Maize,Kharif,13905.141811371344,34.11154774316384,4743.259087740574
Nagaur,Fennel,Kharif,11865.572417936899,32.69316935345067,3879.2316853524417
Alwar,Tomato,Rabi,20000.0,36.335114546249315,7267.022909249864
Jodhpur,Pomegranate,Kharif,14336.239129242684,41.194799142680544,5905.784913905897
Udaipur,Tomato,Kharif,15922.220093427302,35.88903014810267,5714.330369577386
Jaipur,Mustard,Kharif,17581.420465079238,38.487917044004305,6766.722523757293
Udaipur,Mustard,Kharif,14498.634858640766,31.306084182229565,4538.954834120158
Alwar,Bajra,Kharif,14253.926621449358,36.810863645568254,5246.9934927610775
Sri Ganganagar,Mango,Rabi,16472.924854914752,42.03086039070394,6923.712048034789
Bhilwara,Mango,Rabi,16988.643806002237,29.217039840671156,4963.578829189387
Bhilwara,Wheat,Rabi,15543.06467611112,41.98044639822061,6525.04793499559
Kota,Tomato,Kharif,16199.063855257926,23.38740537169768,3788.54073024933
Alwar,Bajra,Rabi,13414.14995475073,49.812753418086416,6681.957440092332
Sri Ganganagar,Oilseeds,Kharif,18714.849214300906,27.391642276589863,5126.304549384493
Udaipur,Cotton,Rabi,15926.499037796892,40.13402659865174,6391.945360063417
Kota,Barley,Kharif,15722.259538465705,51.21337483020996,8051.89970921288
Ajmer,Citrus,Rabi,16696.528936894632,35.09293084094286,5859.301352662446
Jaipur,Bajra,Kharif,17260.024863313596,27.97563149460821,4828.600951638366
Nagaur,Maize,Kharif,18869.258262248237,26.93075656823699,5081.634008838018
Udaipur,Gram,Kharif,14584.63204804868,37.16577711081949,5420.49183941092
Bhilwara,Mustard,Rabi,14372.930228141924,31.63592498842186,4547.00942561319
Jodhpur,Gram,Kharif,13258.429650585833,36.20133543362754,4799.728591040109
Sri Ganganagar,Pulses,Kharif,20000.0,46.08634799667309,9217.269599334619
Kota,Fennel,Rabi,11412.350813894447,27.897836816719245,3183.7990070118035
Nagaur,Wheat,Rabi,18589.894459936953,33.8071155012168,6284.707091625189
Ajmer,Fennel,Rabi,14597.948499981247,48.06785256327478,7016.920362233769
Nagaur,Fenugreek,Kharif,12645.30506075328,49.51350639600975,6261.133930051021
Jodhpur,Gram,Rabi,14637.155554176656,45.64916067597504,6681.738657318506
Nagaur,Pomegranate,Kharif,12337.523466593699,46.93411915375471,5790.507964433536
Udaipur,Pulses,Rabi,17167.144073483316,30.733951731976173,5276.141773303171
Jodhpur,Maize,Kharif,20000.0,42.69688969719516,8539.377939439031
Jaipur,Fenugreek,Kharif,15674.054177255657,32.94661201648515,5164.069817034105
Nagaur,Chilli,Rabi,10744.902801200904,36.00204481202037,3868.3847214963816
Sri Ganganagar,Fennel,Rabi,10423.031056289716,50.22553884764335,5235.023512278722
Ajmer,Onion,Kharif,13344.42556232266,34.935141672107555,4661.893975526356
Bhilwara,Fennel,Rabi,13307.257204027834,38.91228068692014,5178.157274961712
Jaipur,Guava,Kharif,19626.329857703626,33.97672903470693,6668.384915209743
Nagaur,Citrus,Kharif,20000.0,43.33031712433127,8666.063424866254
Kota,Onion,Rabi,18072.187577434386,26.923274718062554,4865.624709036234
Jodhpur,Wheat,Kharif,17335.083228499912,28.718323106835907,4978.345212399527
Jaipur,Pomegranate,Kharif,12545.403349733078,40.70052854537795,5106.045471490913
Hanumangarh,Citrus,Kharif,14489.446132425215,40.61699517541855,5885.17763655202
Jodhpur,Fennel,Rabi,17089.162342370146,34.98762234768401,5979.091582731097
Sri Ganganagar,Mustard,Rabi,15265.220658875542,56.65060314589877,8647.839574805337
Kota,Garlic,Kharif,11574.932657599486,34.09496679703844,3946.4694463881037
Jodhpur,Sugarcane,Kharif,12849.533038191585,35.17638279206786,4520.000928507499
Ajmer,Barley,Rabi,14751.957942471903,26.82471070534174,3957.170041441772
Alwar,Gram,Kharif,19540.349229726395,42.85005900274506,8373.051174280201
Jaipur,Sugarcane,Rabi,11927.439527012386,33.174952566553955,3956.9224054907663
Kota,Opium,Rabi,18663.101086576058,30.789476527608535,5746.271128375189
Udaipur,Chilli,Kharif,14320.547703450504,26.374998739672236,3777.0442762992316
Kota,Cotton,Rabi,13883.37967178684,49.107362971422525,6817.761648125053
Jaipur,Mango,Kharif,20000.0,36.70695442892013,7341.390885784025
Jodhpur,Cotton,Rabi,13533.451734641178,33.21590697099659,4495.258738143138
Hanumangarh,Guava,Rabi,15422.658740733612,30.86032672608367,4759.482877239294
Nagaur,Oilseeds,Kharif,15969.503142554344,28.505694661628677,4552.217804795738
Jodhpur,Cumin,Rabi,13601.890494395273,25.812759825214805,3511.0233250069746
Hanumangarh,Wheat,Rabi,16540.80031970915,43.991912238476274,7276.614360188052
Jaipur,Maize,Rabi,11490.249492869136,26.225880195718176,3013.419066188975
Alwar,Pulses,Rabi,14917.45528484809,56.83525575434636,8478.37386318367
Jaipur,Garlic,Kharif,19983.77764364361,29.213579430242948,5837.976755088959
Ajmer,Citrus,Kharif,13193.363818914659,33.27128145910918,4389.601210115372
Jodhpur,Cumin,Kharif,12004.843682435127,28.829588574935872,3460.9470427102283
Jaipur,Oilseeds,Rabi,17298.240835154073,50.642956144447815,8760.34051990804
Jaipur,Pomegranate,Rabi,14699.537770560142,45.96904634329827,6757.237329999425
Sri Ganganagar,Sugarcane,Kharif,12366.052239730318,24.913860947299078,3080.8610596767744
Bhilwara,Wheat,Kharif,14320.563324295419,31.119491753343418,4456.486522736434
Nagaur,Sugarcane,Rabi,17740.753878699747,33.65867950647899,5971.303490064788
Nagaur,Onion,Rabi,19478.065706878566,42.137304172154224,8207.531793759483
Hanumangarh,Maize,Rabi,14935.898116954691,23.279503799724587,3477.00296965946
Alwar,Wheat,Rabi,7727.279219181175,41.94561984196101,3241.2551654045888
Jaipur,Mango,Rabi,17210.5316912773,42.73614072579794,7355.11704324232
Alwar,Sugarcane,Rabi,15200.972151674616,31.684376927493602,4816.333313179919
Ajmer,Citrus,Kharif,10312.362429340372,46.43570100410813,4788.617784148477
Kota,Opium,Kharif,17382.794038865482,23.898236579615233,4154.181243555327
Ajmer,Chilli,Kharif,15880.673796499888,36.752827817099046,5836.59669662277
Udaipur,Tomato,Rabi,16399.28994730058,39.37841316357662,6457.780151340908
Hanumangarh,Pulses,Kharif,10154.604552283472,30.000505519420113,3046.432699183089
Nagaur,Barley,Kharif,12796.225269605853,38.193600093382486,4887.339106521615
Kota,Maize,Kharif,15601.707591692828,35.14582669743736,5483.3491120172885
Udaipur,Pomegranate,Kharif,11952.534543064809,33.15468698719074,3962.8254147889866
Sri Ganganagar,Maize,Rabi,16286.44950099172,51.95658877802741,8461.883593771365
Kota,Cumin,Rabi,15529.324665831675,27.825094188284016,4321.049215072086
Kota,Tomato,Kharif,12517.229338053841,33.133822019963766,4147.436490701449
Jodhpur,Garlic,Kharif,11783.58296404318,34.76740156691572,4096.845608079562
Ajmer,Tomato,Kharif,16309.679412473004,39.89058980605122,6506.02731311159
Jodhpur,Mustard,Rabi,7911.202693374485,40.62695737602707,3214.0809461683575
Sri Ganganagar,Opium,Rabi,16857.462783015595,36.625269161711316,6174.091118114773
Udaipur,Pulses,Rabi,15062.381123026224,39.6646159099839,5974.435619346271
Udaipur,Pomegranate,Rabi,14451.31067668548,47.694384113750786,6892.46362360985
Sri Ganganagar,Oilseeds,Rabi,13062.107462626394,44.90216515963705,5865.16906619778
Bhilwara,Garlic,Rabi,13551.769433453903,24.759049612950026,3355.2893174614483
Jodhpur,Pulses,Rabi,15368.010947984387,29.409184614166527,4519.606711218052
Ajmer,Pulses,Rabi,15969.237819348087,44.44130944706542,7096.938395634285
Udaipur,Fenugreek,Rabi,14124.566193253368,33.37440997847053,4713.990629016827
Sri Ganganagar,Mustard,Rabi,17649.329331441477,49.54040203478163,8743.548707238744
Ajmer,Fennel,Kharif,14458.560259228123,59.67567978385601,8628.244121652837
Jodhpur,Mango,Rabi,15896.25872509706,24.107683575612327,3832.2197538070654
Bhilwara,Barley,Rabi,13720.92721138337,53.627695198645334,7358.21702334866
Alwar,Pomegranate,Kharif,15339.811231613294,22.03535304728232,3380.1815616726553
Alwar,Oilseeds,Kharif,17757.68680372561,28.33888919471859,5032.331186852965
Kota,Cotton,Kharif,20000.0,40.05469038784439,8010.938077568878
Kota,Barley,Rabi,13658.034313023747,46.45743647020235,6345.172614051446
Bhilwara,Citrus,Kharif,15203.56653158221,28.7864142729251,4376.561646041045
Sri Ganganagar,Pomegranate,Rabi,16454.198451883425,32.47792344012253,5343.981975888526
Hanumangarh,Maize,Rabi,13069.350503047614,54.85760983051002,7169.533306343659
Udaipur,Onion,Kharif,13995.674003680377,32.24455972725192,4512.843463348188
Nagaur,Chilli,Kharif,12134.632261951941,36.17982439072004,4390.288642833872
Kota,Wheat,Kharif,20000.0,35.66547313282517,7133.094626565035
Jaipur,Cotton,Rabi,15072.658370018275,51.60189256935651,7777.776979442951
Bhilwara,Chilli,Kharif,14761.075826262855,46.16922812483588,6815.074771907301
Ajmer,Oilseeds,Rabi,11812.819415559361,32.53259143136307,3843.0162769886583
Ajmer,Cotton,Rabi,14438.567204986353,48.44843490928559,6995.2598341412695
Ajmer,Cumin,Kharif,18562.158154694254,42.64099792339963,7915.089473281333
Kota,Oilseeds,Rabi,16738.899519640727,41.11008020497667,6881.375017954757
Udaipur,Cumin,Rabi,15583.152904732007,41.08231672390158,6401.9202318918715
Udaipur,Cumin,Rabi,16015.451530385073,37.92336084519525,6073.597474855275
Ajmer,Onion,Kharif,15505.382928808844,33.2611959416086,5157.275797447839
Jaipur,Mustard,Rabi,11980.372304161076,34.328186301645914,4112.644524203203
Ajmer,Wheat,Kharif,18951.345202019595,24.72171434358997,4685.097425110927
Nagaur,Bajra,Rabi,8634.435302974216,31.48161904041666,2718.2600283735887
Kota,Mango,Rabi,18890.983639683327,25.489399486650985,4815.198286876764
Nagaur,Opium,Rabi,12002.093303115267,42.1200231963178,5055.284483315856
Hanumangarh,Guava,Rabi,17521.86007951366,36.217239973193074,6345.93411276458
Alwar,Cumin,Rabi,14283.203702490917,32.18831870658102,4597.523129267956
Udaipur,Pulses,Rabi,13824.725552868535,39.31395275714528,5435.0460726597275
Alwar,Fennel,Kharif,19846.127068408325,39.90059524852855,7918.722834074271
Kota,Opium,Kharif,18651.475562476488,35.233256371860186,6571.522202062192
Nagaur,Oilseeds,Kharif,17994.93269444388,31.260452105206966,5625.297316310858
Sri Ganganagar,Pulses,Rabi,16211.19027100983,43.11619861508433,6989.6489951178255
Nagaur,Pomegranate,Rabi,12288.894417809615,30.510591873630595,3749.4144215992646
Udaipur,Coriander,Rabi,11462.880626520593,45.85960601057218,5256.831892784552
Jodhpur,Onion,Rabi,13606.14810810482,33.9486541104422,4619.104158974981
Jodhpur,Maize,Kharif,15849.863614638427,48.276371492424346,7651.739039645444
Kota,Fennel,Rabi,16760.081404425822,43.378760504389014,7270.315572766516
Udaipur,Tomato,Rabi,17613.891892371732,27.372935423589333,4821.439253279751
Ajmer,Opium,Rabi,15379.138738639236,40.308246766144485,6199.061193278424
Jodhpur,Wheat,Rabi,11999.006026183277,32.30014770483092,3875.6966695687615
Alwar,Oilseeds,Kharif,16541.723548976744,37.99737564927109,6285.420835768632
Alwar,Guava,Kharif,16051.890297820677,28.882725681306937,4636.22344138387
Bhilwara,Cumin,Rabi,16904.16440568531,32.29191216205388,5458.677921613079
Jodhpur,Barley,Kharif,16229.455970785537,24.886695894751224,4038.9753528219417
Sri Ganganagar,Gram,Rabi,17017.721103608194,39.91839793239455,6793.201629163404
Alwar,Oilseeds,Rabi,14602.09876085228,34.90705167855905,5097.162160604936
Jodhpur,Mango,Kharif,18321.242007860918,42.0996405314922,7713.17702621419
Alwar,Fennel,Rabi,8481.991361957891,43.58813013648688,3697.141433015782
Alwar,Oilseeds,Rabi,13394.015442138232,27.28219406360711,3654.1812858336566
Ajmer,Bajra,Kharif,15995.940991707044,43.238206166677394,6916.357944294353
Hanumangarh,Cotton,Kharif,17128.35545141712,31.022515443954635,5313.646715211321
Jodhpur,Barley,Kharif,16539.317394528247,38.27437611755307,6330.320546857619
Bhilwara,Pulses,Rabi,17216.43144266251,36.11424770425139,6217.58469703576
Alwar,Mustard,Kharif,12193.683893866215,50.54923232015932,6163.813599896282
Nagaur,Onion,Rabi,13392.109664657855,29.64074447984288,3969.521006161578
Ajmer,Oilseeds,Kharif,16101.861940204022,58.511930362151695,9421.510245461985
Bhilwara,Gram,Kharif,14329.602052884444,43.06319591174747,6170.784605407415
Bhilwara,Onion,Kharif,14941.741182336802,26.45139533482127,3952.299030045706
Hanumangarh,Pomegranate,Rabi,17399.82570582615,28.73552557430769,4999.931365582637
Alwar,Guava,Rabi,11838.952742560938,32.28487412460827,3822.1909906076576
Sri Ganganagar,Tomato,Kharif,17850.922775920728,36.987996041407136,6602.698609712204
Sri Ganganagar,Cumin,Rabi,14686.652344387585,28.292427200405825,4155.210422712553
Jodhpur,Mustard,Kharif,15210.156489339544,50.45671716533628,7674.5456402310965
Alwar,Cumin,Rabi,12217.940597428278,39.76587391881193,4858.570853448666
Alwar,Chilli,Kharif,17925.59288934729,51.60310405897474,9250.162351878058
Bhilwara,Cumin,Rabi,15568.74484979623,40.60107349723886,6321.077539063357
Jodhpur,Pomegranate,Rabi,6890.303121002288,40.098130543285215,2762.882740287553
Hanumangarh,Cumin,Rabi,13037.77295061773,22.87998473468753,2983.040460844556
Bhilwara,Oilseeds,Rabi,16533.607798574943,56.07682480244123,9271.522278729632
Ajmer,Pulses,Rabi,14587.654456116925,38.97511676460344,5685.555357488449
Alwar,Bajra,Rabi,19836.834773965937,51.881941153607414,10291.73494416734
Sri Ganganagar,Mango,Rabi,19919.89358811418,29.192468390472644,5815.10863912602
Hanumangarh,Pomegranate,Kharif,15226.300916704779,38.97998335881397,5935.209563494461
Hanumangarh,Tomato,Rabi,14261.812535610154,40.89750911181558,5832.726081261219
Nagaur,Cumin,Kharif,20000.0,27.32378036444448,5464.756072888896
Kota,Pulses,Rabi,15369.614420353457,50.77712850372215,7804.248864749485
Nagaur,Gram,Kharif,15130.807339117362,54.60054643313953,8261.503486903659
Udaipur,Citrus,Kharif,13132.051914796644,35.24896324877403,4628.912153256595
Bhilwara,Cumin,Kharif,12772.588242905855,22.512946663253672,2875.4859786424045
Sri Ganganagar,Pomegranate,Rabi,13164.692727284144,40.30627573329731,5306.197350100485
Alwar,Barley,Kharif,13712.09332644822,43.968403275999236,6028.988491354132
Udaipur,Opium,Rabi,10781.0476089845,26.01426956966515,2804.610787435167
Bhilwara,Cotton,Kharif,10485.838877906994,27.444407443150762,2877.776345485103
Sri Ganganagar,Sugarcane,Kharif,15247.319258803509,39.35605476687678,6000.74331797526
Jodhpur,Maize,Rabi,14072.37276885041,30.066599440573047,4231.083952194531
Bhilwara,Mango,Kharif,15957.52353125754,49.01341019324319,7821.326465058564
Nagaur,Fennel,Rabi,9374.482591062766,30.040001234321924,2816.094686066549
Ajmer,Citrus,Kharif,14519.60161330008,46.940378288984604,6815.555923336568
Udaipur,Barley,Rabi,15639.589884713067,24.63714599273657,3853.1485925620195
Hanumangarh,Pomegranate,Rabi,14042.838193000145,40.969567949573694,5753.290135529881
Hanumangarh,Cumin,Rabi,18228.021415795796,29.405969595730877,5360.126435432225
Ajmer,Barley,Rabi,20000.0,25.670108786979196,5134.021757395839
Jaipur,Guava,Rabi,12874.779699268613,27.028342273595165,3479.8395240896666
Bhilwara,Chilli,Kharif,9590.580971232164,34.40846657664412,3299.971847992411
Jodhpur,Fenugreek,Rabi,15801.37995303445,32.62796482979089,5155.6686936977085
Bhilwara,Coriander,Kharif,10256.4278939036,32.074548664866406,3289.702956107042
Bhilwara,Cumin,Kharif,13550.81684494968,34.09954099667942,4620.7663454285575
Sri Ganganagar,Opium,Rabi,19836.661884766272,35.007986261872794,6944.415867433134
Alwar,Barley,Rabi,14194.408056282504,42.21525528073344,5992.205596548652
Ajmer,Maize,Rabi,8544.553796012086,38.926080890015385,3326.059922326545
Sri Ganganagar,Fennel,Kharif,14366.609283516917,34.09733021198284,4898.630207666145
Jaipur,Onion,Rabi,14606.229098723086,41.50079786905326,6061.701614551907
Nagaur,Wheat,Rabi,14325.432054575764,29.274618486308647,4193.715580492421
Sri Ganganagar,Opium,Kharif,15505.964015900183,37.16826527235262,5763.297838465322
Alwar,Guava,Kharif,11728.802767671463,35.71618152774863,4189.080487533145
Bhilwara,Sugarcane,Kharif,14704.235603147215,39.6868463596746,5835.647392185606
Jaipur,Chilli,Kharif,17124.643269769673,39.94682040141496,6840.750491357886
Nagaur,Coriander,Kharif,17859.409901739735,33.3939576972328,5963.963787562373
Jodhpur,Onion,Rabi,13162.687876078686,34.61476947608473,4556.234065161191
Sri Ganganagar,Fennel,Kharif,11568.821378038014,47.04249745736778,5442.262502610953
Sri Ganganagar,Fennel,Kharif,14900.310028066617,29.09070761746067,4334.6056243600315
Hanumangarh,Maize,Rabi,14614.387465683209,36.64187959474855,5354.986258685665
Nagaur,Pomegranate,Kharif,13353.825276777116,42.40901776340223,5663.226133722104
Jaipur,Fennel,Kharif,15479.569175992201,44.80485414344646,6935.598391337203
Sri Ganganagar,Citrus,Kharif,18797.1235225941,31.700650977681708,5958.810521741265
Jaipur,Cumin,Rabi,17908.37160158021,35.01365971752969,6270.376293528017
Ajmer,Fenugreek,Kharif,13061.318070468591,56.12485581830605,7330.645935020851
Udaipur,Chilli,Kharif,11419.08950473056,50.37604310713397,5752.485451345277
Hanumangarh,Oilseeds,Kharif,18001.746954128936,25.59988960497462,4608.427347223889
Kota,Cotton,Rabi,19177.395900192987,47.45603099132701,9100.83094172506
Udaipur,Fennel,Rabi,15866.080887839571,31.35178599172657,4974.299725229693
Ajmer,Sugarcane,Kharif,14597.073775588357,48.32675721849371,7054.292404532998
Udaipur,Guava,Kharif,17380.466161656637,32.708214739175695,5684.840194824421
Bhilwara,Gram,Kharif,18913.02072863446,21.962600123464874,4153.791113898009
Nagaur,Cumin,Rabi,18097.638613024974,40.952385756916094,7411.4147776985865
Ajmer,Chilli,Rabi,11727.100709354405,44.769456966572896,5250.159305501085
Alwar,Chilli,Kharif,11682.885994542194,34.56841518299415,4038.5885359492213
Kota,Pulses,Rabi,14075.897147442776,36.18381391608939,5093.196430850829
Nagaur,Tomato,Rabi,18930.926238358825,37.502724142797746,7099.613044848228
Kota,Mustard,Kharif,13313.495920265093,32.61869809818563,4342.6890405455315
Kota,Mango,Rabi,9949.685423337149,23.093666195094418,2297.747139127448
Sri Ganganagar,Bajra,Rabi,17894.554899292372,45.773495746881196,8190.963325750915
Kota,Onion,Rabi,11296.953384360233,26.56231727937325,3000.7326008566592
Alwar,Fennel,Kharif,14920.782729123219,36.06777786931919,5381.594771103903
Bhilwara,Pomegranate,Rabi,12571.189440235063,27.04328016792173,3399.6619807629595
Ajmer,Guava,Rabi,13578.481958787252,47.231800332726536,6413.361486989689
Hanumangarh,Bajra,Rabi,16638.8527440111,41.94562486435485,6979.270753735309
Ajmer,Maize,Kharif,13690.842328420295,32.44276107366014,4441.687265580925
Jodhpur,Pomegranate,Kharif,14734.911122383994,28.095978828246782,4139.917509305987
Jaipur,Sugarcane,Kharif,14223.611811998693,42.216938996942154,6004.773521833346
Hanumangarh,Coriander,Kharif,16682.758343823716,34.782581105594055,5802.693951590743
Kota,Mango,Kharif,17090.863213532208,32.84691106582253,5613.820640130302
Ajmer,Oilseeds,Kharif,18519.373912759926,26.419897079270488,4892.799527476441
Ajmer,Pulses,Rabi,14678.093567987313,45.2928541155821,6648.127506697134
Nagaur,Chilli,Rabi,10287.371543794503,24.915193585390895,2563.118534984816
Jaipur,Pomegranate,Kharif,11418.224980802834,44.91421135478199,5128.4057008423
Nagaur,Barley,Rabi,20000.0,50.82013218638949,10164.026437277898
Jaipur,Barley,Rabi,16914.15330432227,37.19334966462981,6290.940181288119
Alwar,Gram,Kharif,9596.826797541784,34.85961780010783,3345.4171425613936
Kota,Bajra,Rabi,12636.648744275284,30.508423803967904,3855.242353522292
Jodhpur,Fenugreek,Kharif,14495.56854424563,38.65467557017766,5603.214992830874
Kota,Citrus,Rabi,9062.100568872636,40.61594407360978,3680.6576989475843
Nagaur,Gram,Kharif,11781.77092278058,28.516623841631603,3359.763295932067
Jodhpur,Onion,Rabi,20000.0,36.52681655552511,7305.363311105021
Sri Ganganagar,Chilli,Rabi,7409.137431761011,32.97711746817838,2443.319954250603
Alwar,Sugarcane,Rabi,18302.878904995712,31.073936494306125,5687.424967568119
Bhilwara,Bajra,Kharif,11311.35121664275,34.91736486141905,3949.625775071712
Jaipur,Wheat,Rabi,13604.06862965984,47.16692410038034,6416.620725115308
Nagaur,Fenugreek,Kharif,20000.0,24.410787127877025,4882.157425575406
Jodhpur,Chilli,Rabi,15761.21898448372,45.10433775927885,7108.993445741116
Jodhpur,Cotton,Rabi,18257.358974818042,36.77562356813184,6714.257610061618
Sri Ganganagar,Cotton,Kharif,15924.151618512307,25.22384888440335,4016.6839403768145
Kota,Barley,Kharif,15807.380823735322,32.838328687043195,5190.879671710842
Udaipur,Citrus,Rabi,16864.71566956815,26.36315487679913,4446.071111500063
Jaipur,Wheat,Rabi,16131.30118170656,41.46218956661751,6688.390675521185
Kota,Mango,Kharif,18378.150752316506,47.119773362701714,8659.742982747197
Nagaur,Cotton,Rabi,9680.902595379355,38.64590735079463,3741.2726477309784
Udaipur,Oilseeds,Rabi,12282.803097412143,32.72998489008651,4020.1595978620726
Bhilwara,Cotton,Kharif,13213.016117869523,48.054226466545266,6349.412688342149
Bhilwara,Citrus,Rabi,8592.977358063914,36.55764285357766,3141.3899730497988
Jaipur,Oilseeds,Rabi,18168.170427198154,36.1909741403661,6575.2378610849255
Nagaur,Onion,Kharif,14835.31799815114,30.374798429757718,4506.1979383519765
Alwar,Guava,Rabi,16563.367285138014,49.5688016624422,8210.262678191899
Kota,Onion,Kharif,16666.813398010345,28.072681228336187,4678.82139614507
Alwar,Tomato,Rabi,14407.984739078021,26.181265324025084,3772.19271238306
Udaipur,Wheat,Rabi,14415.275158941957,55.05358603346322,7936.125911588561
Udaipur,Chilli,Rabi,16780.670166842585,25.28837342455894,4243.55853493471
Ajmer,Onion,Kharif,16967.702329589283,42.40272779776313,7194.768632350457
Alwar,Pulses,Rabi,14943.873730662308,24.30851493726764,3632.633778024462
Kota,Chilli,Kharif,18372.33815995804,50.683521087244344,9311.747885522173
Kota,Mustard,Kharif,12681.366996529174,34.359762926007555,4357.287635784389
Udaipur,Cotton,Rabi,12085.029796376142,32.47576560533053,3924.7059500054693
Hanumangarh,Fennel,Kharif,13119.848326230105,38.10736713430881,4999.628769140976
Ajmer,Mustard,Kharif,17859.37513612826,37.957202552431575,6778.919195018805
Nagaur,Tomato,Rabi,17175.287360543993,48.81055821848118,8383.353636309765
Bhilwara,Mango,Rabi,13075.555214331143,51.65550933795918,6754.244644728833
Jaipur,Gram,Kharif,17401.228575683046,37.97175049507164,6607.551097835475
Hanumangarh,Garlic,Rabi,18566.74011442393,48.88096445615971,9075.601635999108
Nagaur,Coriander,Kharif,16054.344622624749,52.30952904268185,8397.952062984124
Hanumangarh,Bajra,Kharif,14920.43622225282,44.458956374751416,6633.47023097399
Udaipur,Barley,Rabi,14510.799108168709,42.67334364354665,6192.243168853535
